company_slug,company_name,domain,career_page_vendor,additional_params
406ventures,.406 Ventures,https://www.406ventures.com/,getro,https://jobs.406ventures.com/jobs
4pt0,4.0 Schools,https://www.4pt0.org/,getro,https://jobs.4pt0.org/jobs
ovalpark,Oval Park Capital,https://www.ovalpark.com/,getro,https://careers.ovalpark.com/jobs
Federato,Federato,https://www.federato.ai/,lever,https://jobs.lever.co/Federato
Burro,Burro,https://burro.ai/,lever,https://jobs.lever.co/Burro
Gather,Gather,https://www.gather.town/,lever,https://jobs.lever.co/Gather
AccompanyHealth,Accompany Health,https://accompanyhealth.com/,lever,https://jobs.lever.co/AccompanyHealth
Fuse,Fuse,https://www.fusecoinc.com/,lever,https://jobs.lever.co/Fuse
repurposeglobal,rePurpose Global,https://repurpose.global/,lever,https://jobs.lever.co/repurposeglobal
Rarible,Rarible,https://rarible.com/,lever,https://jobs.lever.co/Rarible
WisprAI,Wispr AI,https://wisprflow.ai/,lever,https://jobs.lever.co/WisprAI
RaptorMaps,Raptor Maps,https://raptormaps.com/,lever,https://jobs.lever.co/RaptorMaps
ButterPayments,Butter Payments,https://www.butterpayments.com/,lever,https://jobs.lever.co/ButterPayments
solidcore,[solidcore],https://solidcore.co/,lever,https://jobs.lever.co/solidcore
ChargePoint,ChargePoint,https://www.chargepoint.com/,lever,https://jobs.lever.co/ChargePoint
Volt,Volt,https://volt-technologies.com/,lever,https://jobs.lever.co/Volt
3box,3Box Labs,https://3boxlabs.com/,lever,https://jobs.lever.co/3box
palantir,Palantir Technologies,https://www.palantir.com,lever,https://jobs.lever.co/palantir
finquery,FinQuery,https://finquery.com/,lever,https://jobs.lever.co/finquery
bitwiseinvestments,Bitwise Asset Management,https://bitwiseinvestments.com/,lever,https://jobs.lever.co/bitwiseinvestments
betterlifepartners,betterlifepartners,,lever,https://jobs.lever.co/betterlifepartners
heartbeathealth,heartbeathealth,,lever,https://jobs.lever.co/heartbeathealth
Blockchain,Blockchain,https://www.blockchain.com/,greenhouse,https://job-boards.greenhouse.io/Blockchain
pathrobotics,Path Robotics,https://www.path-robotics.com/,greenhouse,https://www.path-robotics.com/who-we-are/careers/open-positions/
careers,Parallel,https://www.parallellearning.com/,greenhouse,https://www.moveparallel.com/careers
QGenda,QGenda,https://www.qgenda.com/,greenhouse,https://job-boards.greenhouse.io/QGenda
nextgengp,NextGen Growth Partners,https://nextgengp.com/,greenhouse,https://nextgengp.com/career-listing/
TwoBulls,Two Bulls,https://www.twobulls.com/,greenhouse,https://job-boards.greenhouse.io/TwoBulls
lucidbots,Lucid Bots,https://lucidbots.com/,greenhouse,https://job-boards.greenhouse.io/lucidbots
jobs,Asana,https://asana.com/,greenhouse,https://asana.com/jobs/all
careers,SupportLogic,https://www.supportlogic.com/,greenhouse,https://www.supportlogic.com/careers/current-job-openings/
Airtable,Airtable,https://www.airtable.com/,greenhouse,https://job-boards.greenhouse.io/Airtable
fieldwire,Fieldwire,https://www.fieldwire.com/,greenhouse,https://www.fieldwire.com/jobs/
codeforamerica,Code for America,https://codeforamerica.org/,greenhouse,https://codeforamerica.org/jobs/
robinhood,Robin Hood,https://robinhood.org/,greenhouse,https://careers.robinhood.com/
thorn,Thorn,https://www.thorn.org/,greenhouse,https://www.thorn.org/careers/
linkedin,LinkedIn,https://www.linkedin.com/,linkedin,https://www.linkedin.com/company/linkedin/jobs/
Workstream,Workstream,https://www.workstream.us/,greenhouse,https://job-boards.greenhouse.io/Workstream
UnrealSnacks,Unreal Snacks,https://unrealsnacks.com/,greenhouse,https://job-boards.greenhouse.io/UnrealSnacks
godaddy,GoDaddy,https://www.godaddy.com/tlds/technology-domain,greenhouse,https://careers.godaddy/jobs/search
array,Array,https://array.com/,greenhouse,https://array.com/company/careers
carvana,Carvana,https://www.carvana.com/,greenhouse,https://www.carvana.com/careers/jobs
naproperties,North American Properties,https://www.naproperties.com/,greenhouse,https://www.naproperties.com/careers/
faire,Faire,https://www.faire.com/,greenhouse,https://www.faire.com/careers/openings
SocialFinance,Social Finance,https://socialfinance.org/,greenhouse,https://job-boards.greenhouse.io/SocialFinance
DebtBook,DebtBook,https://www.debtbook.com/,greenhouse,https://job-boards.greenhouse.io/DebtBook
fivetran,Fivetran,https://www.fivetran.com/,greenhouse,https://www.fivetran.com/careers
Udacity,Udacity,https://www.udacity.com/,greenhouse,https://job-boards.greenhouse.io/Udacity
bird,Bird,https://www.bird.co/,greenhouse,https://www.bird.co/careers/
Ready,Ready,https://www.readytechnology.com/,greenhouse,https://job-boards.greenhouse.io/Ready
NovoEd,NovoEd,https://novoed.com/,greenhouse,https://job-boards.greenhouse.io/NovoEd
wandb,Weights & Biases,https://wandb.ai/site/,lever,https://jobs.lever.co/wandb
genesis,Genesis,https://genesisventures.vc/,greenhouse,http://genesis.polychain.capital
Inspiren,Inspiren,https://www.inspiren.com/,greenhouse,https://job-boards.greenhouse.io/Inspiren
Well,Well,https://well.company/,greenhouse,https://job-boards.greenhouse.io/Well
MarshallWace,Marshall Wace,https://www.mwam.com/,greenhouse,https://job-boards.greenhouse.io/MarshallWace
consensys,Consensys,https://consensys.io/,greenhouse,https://consensys.io/open-roles
HumanAgency,Human Agency,https://www.humanagency.com/,greenhouse,https://job-boards.greenhouse.io/HumanAgency
disco,DISCO,https://www.disco.ac/,greenhouse,https://csdisco.com/careers-listing
KomodoHealth,Komodo Health,https://www.komodohealth.com/,greenhouse,https://job-boards.greenhouse.io/KomodoHealth
charliehealth,Charlie Health,https://www.charliehealth.com/,greenhouse,https://www.charliehealth.com/careers/current-openings
Outschool,Outschool,https://outschool.com/,greenhouse,https://job-boards.greenhouse.io/Outschool
COOP,COOP,http://www.co-optech.org/,greenhouse,https://job-boards.greenhouse.io/COOP
OneTrust,OneTrust,https://www.onetrust.com/index/,greenhouse,https://job-boards.greenhouse.io/OneTrust
Smartsheet,Smartsheet,https://www.smartsheet.com/,greenhouse,https://job-boards.greenhouse.io/Smartsheet
Found,Found,https://found.com/,greenhouse,https://job-boards.greenhouse.io/Found
ElementalImpact,Elemental Impact,https://elementalimpact.com/elemental-impact/,greenhouse,https://job-boards.greenhouse.io/ElementalImpact
fanduel,FanDuel,https://www.fanduel.com/,greenhouse,https://www.fanduel.careers/open-positions/
Vim,Vim,https://getvim.com/,greenhouse,https://job-boards.greenhouse.io/Vim
allbirds,Allbirds,https://www.allbirds.com/,greenhouse,https://www.allbirds.com/pages/careers
FreshPrints,Fresh Prints,https://www.freshprints.com/,greenhouse,https://job-boards.greenhouse.io/FreshPrints
Calm,Calm,https://www.calm.com/,greenhouse,https://job-boards.greenhouse.io/Calm
Thumbtack,Thumbtack,https://info.thumbtack.com/marketplace,greenhouse,https://job-boards.greenhouse.io/Thumbtack
Barkley,Barkley,https://barkleyokrp.com/,greenhouse,https://job-boards.greenhouse.io/Barkley
Cabin,Cabin,https://cabin.city/,greenhouse,https://job-boards.greenhouse.io/Cabin
MovementStrategy,Movement Strategy,https://www.movementstrategy.com/terms-of-use,greenhouse,https://job-boards.greenhouse.io/MovementStrategy
guild,Guild,https://guild.com/,greenhouse,https://guild.com/open-positions-at-guild
GeneralAssembly,General Assembly,https://generalassemb.ly/,greenhouse,https://job-boards.greenhouse.io/GeneralAssembly
inspire11,Inspire11,https://www.inspire11.com/,greenhouse,https://job-boards.greenhouse.io/inspire11
8451,84.51˚,https://www.8451.com/,greenhouse,https://job-boards.greenhouse.io/8451
Futurewise,Futurewise,https://www.futurewise.world/,greenhouse,https://job-boards.greenhouse.io/Futurewise
Align,Align,https://www.aligntech.com/,greenhouse,https://job-boards.greenhouse.io/Align
fleetio,Fleetio,https://www.fleetio.com/,greenhouse,https://job-boards.greenhouse.io/fleetio
listrak,Listrak,https://www.listrak.com/,greenhouse,https://www.listrak.com/company/careers
mindbody,Mindbody,https://www.mindbodyonline.com/,greenhouse,https://www.playlist.com/careers/opportunities
Paradigm,Paradigm,https://www.paradigm.inc/,greenhouse,https://job-boards.greenhouse.io/Paradigm
Forbes,Forbes,https://books.forbes.com/,greenhouse,https://job-boards.greenhouse.io/Forbes
modernmeadow,Modern Meadow,https://modernmeadow.com/,greenhouse,https://modernmeadow.com/careers
Blip,Blip,https://www.blip.ai/en/solutions/consumer-goods/,greenhouse,https://job-boards.greenhouse.io/Blip
greenprojecttech,Green Project Technologies,https://www.greenprojecttech.com/,greenhouse,https://www.greenprojecttech.com/careers
about,Fastly,https://www.fastly.com/,greenhouse,https://www.fastly.com/about/careers/current-openings
TheMartinAgency,The Martin Agency,https://www.martinagency.com/,greenhouse,https://job-boards.greenhouse.io/TheMartinAgency
Settle,Settle,https://www.settle.com/,greenhouse,https://job-boards.greenhouse.io/Settle
MyFitnessPal,MyFitnessPal,https://www.myfitnesspal.com/,greenhouse,https://job-boards.greenhouse.io/MyFitnessPal
StarfaceWorld,Starface World,https://starface.world/,greenhouse,https://job-boards.greenhouse.io/StarfaceWorld
changecollective,Change Collective,https://change-collective.org/,greenhouse,https://change-collective.org/apply/
openweb,OpenWeb,https://www.openweb.com/,greenhouse,https://www.openweb.com/jobs/
ZipRecruiter,ZipRecruiter,https://www.ziprecruiter.com/Jobs/Hr-Technology,greenhouse,https://job-boards.greenhouse.io/ZipRecruiter
Keebo,Keebo,https://keebo.ai/,greenhouse,https://job-boards.greenhouse.io/Keebo
Carewell,Carewell,https://www.carewell.com/,greenhouse,https://job-boards.greenhouse.io/Carewell
Reflex,Reflex,https://reflextechnologies.com/,greenhouse,https://job-boards.greenhouse.io/Reflex
NextStreet,Next Street,https://nextstreet.com/,greenhouse,https://job-boards.greenhouse.io/NextStreet
PullSystems,Pull Systems,https://www.pull.systems/,greenhouse,https://job-boards.greenhouse.io/PullSystems
wayfair,Wayfair,https://www.wayfair.com/,greenhouse,https://www.wayfair.com/careers/jobs
braze,Braze,https://www.braze.com/,greenhouse,https://www.braze.com/company/careers
DandelionEnergy,Dandelion Energy,https://dandelionenergy.com/,greenhouse,https://job-boards.greenhouse.io/DandelionEnergy
Cocoon,Cocoon,https://www.cocoon.com/,greenhouse,https://job-boards.greenhouse.io/Cocoon
noble,noble,https://www.noble.com/technology,greenhouse,https://job-boards.greenhouse.io/noble
RippleMatch,RippleMatch,https://ripplematch.com/,greenhouse,https://job-boards.greenhouse.io/RippleMatch
Baton,Baton,https://hellobaton.com/,greenhouse,https://job-boards.greenhouse.io/Baton
SamsungNEXT,Samsung NEXT,https://www.samsungnext.com/,greenhouse,https://job-boards.greenhouse.io/SamsungNEXT
babbel,Babbel,https://www.babbel.com/,greenhouse,https://jobs.babbel.com/en
Thanx,Thanx,https://www.thanx.com/restaurants/,greenhouse,https://job-boards.greenhouse.io/Thanx
BlueRoseResearch,Blue Rose Research,https://blueroseresearch.org/,greenhouse,https://job-boards.greenhouse.io/BlueRoseResearch
HubSpot,HubSpot,https://www.hubspot.com/technology-and-saas,greenhouse,https://job-boards.greenhouse.io/HubSpot
Candid,Candid,https://www.joincandidhealth.com/,greenhouse,https://job-boards.greenhouse.io/Candid
Springboard,Springboard,https://www.springboard.com/,greenhouse,https://job-boards.greenhouse.io/Springboard
UrbanSportsClub,Urban Sports Club,https://urbansportsclub.com/en,greenhouse,https://job-boards.greenhouse.io/UrbanSportsClub
siterx,SiteRx,https://siterx.com/,greenhouse,https://siterx.com/careers/
KeplerGroup,Kepler Group,https://www.keplergrp.com/,greenhouse,https://job-boards.greenhouse.io/KeplerGroup
Havenly,Havenly,https://havenly.com/,greenhouse,https://job-boards.greenhouse.io/Havenly
okta,Okta,https://www.okta.com/,greenhouse,https://www.okta.com/company/careers/
khoros,Khoros,https://khoros.com/,greenhouse,https://khoros.com/about/careers/opportunities
stripe,Stripe,https://stripe.com/,greenhouse,https://stripe.com/jobs/search
qualtrics,Qualtrics,https://www.qualtrics.com/,greenhouse,https://www.qualtrics.com/careers/us/en
Vimeo,Vimeo,https://vimeo.com/solutions/tech,greenhouse,https://job-boards.greenhouse.io/Vimeo
Warp,Warp,https://www.warp.dev/,greenhouse,https://job-boards.greenhouse.io/Warp
alku,ALKU,https://www.alku.com/,greenhouse,https://www.alku.com/openpositions/
Saxbys,Saxbys,https://www.saxbyscoffee.com/,greenhouse,https://job-boards.greenhouse.io/Saxbys
PomeloCare,Pomelo Care,https://www.pomelocare.com/,greenhouse,https://job-boards.greenhouse.io/PomeloCare
UASI,UASI,https://www.uasisolutions.com/,greenhouse,https://job-boards.greenhouse.io/UASI
nomadhealth,°Nomad Health,https://nomadhealth.com/,greenhouse,https://job-boards.greenhouse.io/nomadhealth
squarespace,Squarespace,https://www.squarespace.com/,greenhouse,https://www.squarespace.com/about/careers
virgo,Virgo,https://virgohealth.com/us/,greenhouse,https://virgohealth.com/careers-uk/
LevelTenEnergy,LevelTen Energy,https://www.leveltenenergy.com/,greenhouse,https://job-boards.greenhouse.io/LevelTenEnergy
stridehealth,Stride Health,https://www.stridehealth.com/,greenhouse,https://www.stridehealth.com/careers
Handshake,Handshake,https://joinhandshake.com/,greenhouse,https://job-boards.greenhouse.io/Handshake
Newlab,Newlab,https://www.newlab.com/,greenhouse,https://job-boards.greenhouse.io/Newlab
phrase,Phrase,https://phrase.com/,greenhouse,https://phrase.com/careers/jobs/
unqork,Unqork,https://unqork.com/,greenhouse,https://unqork.com/careers/
houserx,House Rx,https://www.houserx.com/,greenhouse,https://www.houserx.com/careers
Branch,Branch,https://www.branchapp.com/,greenhouse,https://job-boards.greenhouse.io/Branch
GCMGrosvenor,GCM Grosvenor,https://www.gcmgrosvenor.com/,greenhouse,https://job-boards.greenhouse.io/GCMGrosvenor
Effectual,Effectual,http://www.effectualbusinessservices.com/,greenhouse,https://job-boards.greenhouse.io/Effectual
UserInterviews,User Interviews,https://www.userinterviews.com/,greenhouse,https://job-boards.greenhouse.io/UserInterviews
WillowTree,WillowTree,https://www.willowtreeapps.com/,greenhouse,https://job-boards.greenhouse.io/WillowTree
coterieinsurance,Coterie Insurance,https://coterieinsurance.com/,greenhouse,https://coterieinsurance.com/careers/
Intercom,Intercom,https://intercom.com/,greenhouse,https://job-boards.greenhouse.io/Intercom
stitchfix,Stitch Fix,https://www.stitchfix.com/,greenhouse,https://www.stitchfix.com/careers/jobs
payoneer,Payoneer,https://www.payoneer.com/,greenhouse,https://www.payoneer.com/careers/
A24,A24,https://a24films.com/,greenhouse,https://job-boards.greenhouse.io/A24
Clutch,Clutch,https://clutch.co/,greenhouse,https://job-boards.greenhouse.io/Clutch
AlphaSense,AlphaSense,https://www.alpha-sense.com/,greenhouse,https://job-boards.greenhouse.io/AlphaSense
wellthy,Wellthy,https://wellthy.com/,greenhouse,https://wellthy.com/careers
culturebiosciences,Culture Biosciences,https://www.culturebiosciences.com/,greenhouse,https://www.culturebiosciences.com/careers
ionq,IonQ,https://ionq.com/,greenhouse,https://ionq.com/careers
Discord,Discord,https://discord.com/,greenhouse,https://job-boards.greenhouse.io/Discord
Coefficient,Coefficient,https://coefficientnw.com/,greenhouse,https://job-boards.greenhouse.io/Coefficient
VOXGlobal,VOX Global,https://voxglobal.com/,greenhouse,https://job-boards.greenhouse.io/VOXGlobal
MantraHealth,Mantra Health,https://mantrahealth.com/,greenhouse,https://job-boards.greenhouse.io/MantraHealth
Mixpanel,Mixpanel,https://mixpanel.com/,greenhouse,https://job-boards.greenhouse.io/Mixpanel
n26,N26,https://n26.com/en-eu,greenhouse,https://n26.com/en-eu/careers
guru,Guru,https://www.getguru.com/,greenhouse,https://www.getguru.com/careers
betterment,Betterment,https://www.betterment.com/,greenhouse,https://www.betterment.com/careers/current-openings
UnisonHomeOwnershipInvestors,Unison Home Ownership Investors,https://unison.com/,greenhouse,https://job-boards.greenhouse.io/UnisonHomeOwnershipInvestors
slickdeals,Slickdeals,https://slickdeals.net/,greenhouse,https://slickdeals.net/corp/careers.html
kalderos,Kalderos,https://www.kalderos.com/,greenhouse,https://www.kalderos.com/company/job-board
TripAdvisor,TripAdvisor,https://www.tripadvisor.com/business/insights/report-emerging-technologies-and-the-future-of-travel,greenhouse,https://job-boards.greenhouse.io/TripAdvisor
CivisAnalytics,Civis Analytics,https://www.civisanalytics.com/,greenhouse,https://job-boards.greenhouse.io/CivisAnalytics
SonderMind,SonderMind,https://www.sondermind.com/,greenhouse,https://job-boards.greenhouse.io/SonderMind
PerfectServe,PerfectServe,https://www.perfectserve.com/,greenhouse,https://job-boards.greenhouse.io/PerfectServe
Pinnacle,Pinnacle,https://thepinnaclehealthgroup.com/,greenhouse,https://job-boards.greenhouse.io/Pinnacle
Gusto,Gusto,https://gusto.com/,greenhouse,https://job-boards.greenhouse.io/Gusto
Drybar,Drybar,https://www.drybar.com/,greenhouse,https://job-boards.greenhouse.io/Drybar
PrepforPrep,Prep for Prep,https://www.prepforprep.org/,greenhouse,https://job-boards.greenhouse.io/PrepforPrep
StellaSource,Stella Source,https://www.stellasource.com/,greenhouse,https://job-boards.greenhouse.io/StellaSource
datadog,Datadog,https://www.datadoghq.com/,greenhouse,https://careers.datadoghq.com/
nextdoor,Nextdoor,https://nextdoor.com/,greenhouse,https://about.nextdoor.com/careers-list/
RapidSOS,RapidSOS,https://rapidsos.com/,greenhouse,https://job-boards.greenhouse.io/RapidSOS
DAS42,DAS42,https://das42.com/,greenhouse,https://job-boards.greenhouse.io/DAS42
Netlify,Netlify,https://www.netlify.com/,greenhouse,https://job-boards.greenhouse.io/Netlify
Trellis,Trellis,https://trellistechsol.com/,greenhouse,https://job-boards.greenhouse.io/Trellis
GitLab,GitLab,https://about.gitlab.com/,greenhouse,https://job-boards.greenhouse.io/GitLab
spacex,SpaceX,https://www.spacex.com/,greenhouse,https://www.spacex.com/careers
cloverly,Cloverly,https://cloverly.com/,greenhouse,https://cloverly.com/careers
LucidMotors,Lucid Motors,https://lucidmotors.com/,greenhouse,https://job-boards.greenhouse.io/LucidMotors
Funga,Funga,https://www.funga.earth/,greenhouse,https://job-boards.greenhouse.io/Funga
iterable,Iterable,https://iterable.com/,greenhouse,https://iterable.com/careers/
appliedvr,AppliedVR,https://www.appliedvr.io/,greenhouse,https://www.appliedvr.io/careers
Zocdoc,Zocdoc,https://www.zocdoc.com/,greenhouse,https://job-boards.greenhouse.io/Zocdoc
toloka,Toloka,https://toloka.ai/,greenhouse,https://toloka.ai/careers
anduril,Anduril Industries,https://www.anduril.com/,greenhouse,https://www.anduril.com/open-roles/
RXR,RXR,https://rxr.com/,greenhouse,https://job-boards.greenhouse.io/RXR
Appian,Appian,https://appian.com/,greenhouse,https://job-boards.greenhouse.io/Appian
OshiHealth,Oshi Health,https://oshihealth.com/,greenhouse,https://job-boards.greenhouse.io/OshiHealth
slice,Slice,https://slice.com/,greenhouse,https://slice.careers/
SonyMusicEntertainment,Sony Music Entertainment,https://www.sonymusic.com/,greenhouse,https://job-boards.greenhouse.io/SonyMusicEntertainment
flatiron,Flatiron Health,https://flatiron.com/,greenhouse,https://flatiron.com/careers/open-positions
Cloudbeds,Cloudbeds,https://www.cloudbeds.com/,greenhouse,https://job-boards.greenhouse.io/Cloudbeds
nextiva,Nextiva,https://www.nextiva.com/,greenhouse,https://www.nextiva.com/company/careers
StandardAI,Standard AI,https://standard.ai/,greenhouse,https://job-boards.greenhouse.io/StandardAI
MavenClinic,Maven Clinic,https://www.mavenclinic.com/,greenhouse,https://job-boards.greenhouse.io/MavenClinic
Tripadvisor,Tripadvisor,https://www.tripadvisor.com/,greenhouse,https://job-boards.greenhouse.io/Tripadvisor
Crexi,Crexi,https://www.crexi.com/,greenhouse,https://job-boards.greenhouse.io/Crexi
Guidde,Guidde,https://www.guidde.com/,greenhouse,https://job-boards.greenhouse.io/Guidde
Praxis,Praxis,https://praxis.ets.org/,greenhouse,https://job-boards.greenhouse.io/Praxis
FundraiseUp,Fundraise Up,https://fundraiseup.com/,greenhouse,https://job-boards.greenhouse.io/FundraiseUp
Leap,Leap,https://www.leap.energy/,greenhouse,https://job-boards.greenhouse.io/Leap
particlehealth,Particle Health,https://www.particlehealth.com/,greenhouse,https://www.particlehealth.com/careers-jobs
Nerdy,Nerdy,https://www.nerdy.com/,greenhouse,https://job-boards.greenhouse.io/Nerdy
Bitly,Bitly,https://bitly.com/,greenhouse,https://job-boards.greenhouse.io/Bitly
HappyMoney,Happy Money,https://happymoney.com/,greenhouse,https://job-boards.greenhouse.io/HappyMoney
homepage,Toast,https://pos.toasttab.com/,greenhouse,https://careers.toasttab.com/homepage
brex,Brex,https://www.brex.com/,greenhouse,https://www.brex.com/careers
CloudCampaign,Cloud Campaign,https://www.cloudcampaign.com/,greenhouse,https://job-boards.greenhouse.io/CloudCampaign
SplashFinancial,Splash Financial,https://www.splashfinancial.com/,greenhouse,https://job-boards.greenhouse.io/SplashFinancial
Papaya,Papaya,https://www.papayaglobal.com/,greenhouse,https://job-boards.greenhouse.io/Papaya
MNTN,MNTN,https://mountain.com/,greenhouse,https://job-boards.greenhouse.io/MNTN
instacart,Instacart,https://www.instacart.com/company/updates/the-instacart-platform-powering-the-future-of-grocery/,greenhouse,https://instacart.careers/current-openings/
Harmonic,Harmonic,https://www.harmonictech.com/,greenhouse,https://job-boards.greenhouse.io/Harmonic
PeakDesign,Peak Design,https://www.peakdesign.com/,greenhouse,https://job-boards.greenhouse.io/PeakDesign
CoLabSoftware,CoLab Software,https://www.colabsoftware.com/,greenhouse,https://job-boards.greenhouse.io/CoLabSoftware
Propel,Propel,https://propeltechnology.com/,greenhouse,https://job-boards.greenhouse.io/Propel
Capacity,Capacity,https://capacity.com/,greenhouse,https://job-boards.greenhouse.io/Capacity
Capco,Capco,https://www.capco.com/,greenhouse,https://job-boards.greenhouse.io/Capco
classpass,ClassPass,https://classpass.com/,greenhouse,https://www.playlist.com/careers/opportunities
RentTheRunway,Rent The Runway,https://www.renttherunway.com/,greenhouse,https://job-boards.greenhouse.io/RentTheRunway
energysage,EnergySage,https://www.energysage.com/,greenhouse,https://www.energysage.com/about-us/careers/
Grailed,Grailed,https://www.grailed.com/,greenhouse,https://job-boards.greenhouse.io/Grailed
c4ads,C4ADS,https://c4ads.org/,greenhouse,https://c4ads.org/careers/
Life360,Life360,https://www.life360.com/,greenhouse,https://job-boards.greenhouse.io/Life360
circleci,CircleCI,https://circleci.com/,greenhouse,https://circleci.com/careers/jobs/
samsara,Samsara,https://www.samsara.com/,greenhouse,https://www.samsara.com/company/careers/roles
KotterInternational,Kotter International,https://www.kotterinc.com/,greenhouse,https://job-boards.greenhouse.io/KotterInternational
UpKeep,UpKeep,https://upkeep.com/,greenhouse,https://job-boards.greenhouse.io/UpKeep
Climatebase,Climatebase,https://climatebase.org/,greenhouse,https://job-boards.greenhouse.io/Climatebase
profound,Profound,https://profound-tech.com/,greenhouse,https://www.profoundtx.com/jobs
ProjectFarma,Project Farma,https://www.projectfarma.com/,greenhouse,https://job-boards.greenhouse.io/ProjectFarma
Anthropic,Anthropic,https://www.anthropic.com/,greenhouse,https://job-boards.greenhouse.io/Anthropic
LittleOtter,Little Otter,https://www.littleotterhealth.com/,greenhouse,https://job-boards.greenhouse.io/LittleOtter
Coursera,Coursera,https://www.coursera.org/,greenhouse,https://job-boards.greenhouse.io/Coursera
gener8tor,gener8tor,https://www.gener8tor.com/,greenhouse,https://www.gener8tor.com/careers
CharterSchoolGrowthFund,Charter School Growth Fund,https://chartergrowthfund.org/,greenhouse,https://job-boards.greenhouse.io/CharterSchoolGrowthFund
Esusu,Esusu,https://esusurent.com/,greenhouse,https://esusurent.com/careers/
Tandem,Tandem,https://www.tandem-technologies.com/,greenhouse,https://job-boards.greenhouse.io/Tandem
MayMobility,May Mobility,https://maymobility.com/,greenhouse,https://job-boards.greenhouse.io/MayMobility
Workrise,Workrise,https://www.workrise.com/,greenhouse,https://job-boards.greenhouse.io/Workrise
SeatGeek,SeatGeek,https://seatgeek.com/,greenhouse,https://seatgeek.com/jobs
AssemblyAI,AssemblyAI,https://www.assemblyai.com/,greenhouse,https://job-boards.greenhouse.io/AssemblyAI
Aceable,Aceable,https://www.aceable.com/,greenhouse,https://job-boards.greenhouse.io/Aceable
Cloudflare,Cloudflare,https://www.cloudflare.com/,greenhouse,https://www.cloudflare.com/careers/jobs/
MERGE,MERGE,https://mergeedu.com/headset,greenhouse,https://job-boards.greenhouse.io/MERGE
FiniteState,Finite State,https://finitestate.io/,greenhouse,https://job-boards.greenhouse.io/FiniteState
Guidepoint,Guidepoint,https://www.guidepoint.com/,greenhouse,https://job-boards.greenhouse.io/Guidepoint
TheMotleyFool,The Motley Fool,https://www.fool.com/,greenhouse,https://job-boards.greenhouse.io/TheMotleyFool
TheRiversideCompany,The Riverside Company,https://www.riversidecompany.com/,greenhouse,https://job-boards.greenhouse.io/TheRiversideCompany
Forta,Forta,https://www.fortahealth.com/,greenhouse,https://job-boards.greenhouse.io/Forta
Typeform,Typeform,https://www.typeform.com/templates/saas-onboarding-survey-template,greenhouse,https://job-boards.greenhouse.io/Typeform
WarbyParker,Warby Parker,https://www.warbyparker.com/,greenhouse,https://job-boards.greenhouse.io/WarbyParker
Nava,Nava,https://www.navapbc.com/,greenhouse,https://www.navabenefits.com/careers
CommerceIQ,CommerceIQ,https://www.commerceiq.ai/,greenhouse,https://job-boards.greenhouse.io/CommerceIQ
PineGateRenewables,Pine Gate Renewables,https://pinegaterenewables.com/pine-gate-home/,greenhouse,https://job-boards.greenhouse.io/PineGateRenewables
TULA,TULA,https://tula.com/,greenhouse,https://job-boards.greenhouse.io/TULA
Angi,Angi,https://www.angi.com/,greenhouse,https://job-boards.greenhouse.io/Angi
quip,quip,https://quip.com/,greenhouse,https://job-boards.greenhouse.io/quip
PairTeam,Pair Team,https://pairteam.com/,greenhouse,https://job-boards.greenhouse.io/PairTeam
ArkoseLabs,Arkose Labs,https://www.arkoselabs.com/,greenhouse,https://job-boards.greenhouse.io/ArkoseLabs
TenderFood,Tender Food,https://www.tenderfood.com/,greenhouse,https://job-boards.greenhouse.io/TenderFood
Salesloft,Salesloft,https://www.salesloft.com/,greenhouse,https://www.salesloft.com/careers
Grammarly,Grammarly,https://www.grammarly.com/ai,greenhouse,https://job-boards.greenhouse.io/Grammarly
apartmenttherapymedia,Apartment Therapy Media,https://www.apartmenttherapymedia.com/,greenhouse,https://www.apartmenttherapymedia.com/jobs/listing/
Pinterest,Pinterest,https://www.pinterest.com/,greenhouse,https://www.pinterestcareers.com/job-search-results/
AMENDConsulting,AMEND Consulting,https://www.amendllc.com/,greenhouse,https://job-boards.greenhouse.io/AMENDConsulting
Hover,Hover,https://hover.to/,greenhouse,https://hover.to/careers
Magnolia,Magnolia,https://magnoliaenvironmentalservices.com/,greenhouse,https://job-boards.greenhouse.io/Magnolia
Upwork,Upwork,https://www.upwork.com/,greenhouse,https://job-boards.greenhouse.io/Upwork
Siteline,Siteline,https://www.siteline.com/,greenhouse,https://www.siteline.com/about-us
calendly,Calendly,https://calendly.com/,greenhouse,https://boards.greenhouse.io/calendly
Opendoor,Opendoor,https://www.opendoor.com/,greenhouse,https://job-boards.greenhouse.io/Opendoor
MidiHealth,Midi Health,https://www.joinmidi.com/,greenhouse,https://job-boards.greenhouse.io/MidiHealth
StockX,StockX,https://stockx.com/,greenhouse,https://job-boards.greenhouse.io/StockX
Xometry,Xometry,https://www.xometry.com/,greenhouse,https://job-boards.greenhouse.io/Xometry
PingIdentity,Ping Identity,https://www.pingidentity.com/en.html,greenhouse,https://job-boards.greenhouse.io/PingIdentity
Spire,Spire,https://www.spireenergy.com/,greenhouse,https://spire.com/careers/job-openings/
Olsson,Olsson,https://www.olsson.com/,greenhouse,https://job-boards.greenhouse.io/Olsson
SageCorps,Sage Corps,https://sagecorps.com/,greenhouse,https://job-boards.greenhouse.io/SageCorps
JobsfortheFuture,Jobs for the Future,https://www.jff.org/,greenhouse,https://job-boards.greenhouse.io/JobsfortheFuture
onemedical,One Medical,https://www.onemedical.com/,greenhouse,https://www.onemedical.com/careers/all-departments/
ClintonFoundation,Clinton Foundation,https://www.clintonfoundation.org/,greenhouse,https://job-boards.greenhouse.io/ClintonFoundation
Tia,Tia,https://asktia.com/,greenhouse,https://job-boards.greenhouse.io/Tia
Optiver,Optiver,https://optiver.com/,greenhouse,https://optiver.com/working-at-optiver/career-opportunities/
Tekmetric,Tekmetric,https://www.tekmetric.com/,greenhouse,https://job-boards.greenhouse.io/Tekmetric
memoryBlue,memoryBlue,https://memoryblue.com/,greenhouse,https://job-boards.greenhouse.io/memoryBlue
Halcyon,Halcyon,https://www.halcyoncounseling.org/,greenhouse,https://job-boards.greenhouse.io/Halcyon
Airbnb,Airbnb,airbnb.com,greenhouse,https://careers.airbnb.com/positions/
OmadaHealth,Omada Health,https://www.omadahealth.com/,greenhouse,https://job-boards.greenhouse.io/OmadaHealth
Pulley,Pulley,https://pulley.com/,greenhouse,https://job-boards.greenhouse.io/Pulley
Waymark,Waymark,https://waymark.com/,greenhouse,https://job-boards.greenhouse.io/Waymark
Databricks,Databricks,https://www.databricks.com/,greenhouse,https://www.databricks.com/company/careers/open-positions
Whatnot,Whatnot,https://www.whatnot.com/,greenhouse,https://job-boards.greenhouse.io/Whatnot
SofarOcean,Sofar Ocean,https://www.sofarocean.com/,greenhouse,https://job-boards.greenhouse.io/SofarOcean
Yext,Yext,https://www.yext.com/index.html,greenhouse,https://job-boards.greenhouse.io/Yext
Amperity,Amperity,https://amperity.com/,greenhouse,https://amperity.com/careers#openpositions
forgeglobal,Forge,https://forgeglobal.com/,greenhouse,https://job-boards.greenhouse.io/forgeglobal
IDEO,IDEO,https://www.ideo.com/,greenhouse,https://job-boards.greenhouse.io/IDEO
HomeInstead,Home Instead,https://www.homeinstead.com/,greenhouse,https://job-boards.greenhouse.io/HomeInstead
Coinbase,Coinbase,https://www.coinbase.com/,greenhouse,https://www.coinbase.com/careers
Mindgrub,Mindgrub,https://mindgrub.com/,greenhouse,https://mindgrub.com/about/careers/
Greycroft,Greycroft,https://www.greycroft.com/,greenhouse,https://job-boards.greenhouse.io/Greycroft
Docketwise,Docketwise,https://www.docketwise.com/,greenhouse,https://job-boards.greenhouse.io/Docketwise
NeuroFlow,NeuroFlow,https://www.neuroflow.com/,greenhouse,https://job-boards.greenhouse.io/NeuroFlow
GiveDirectly,GiveDirectly,https://www.givedirectly.org/,greenhouse,https://job-boards.greenhouse.io/GiveDirectly
Flexport,Flexport,https://www.flexport.com/,greenhouse,https://www.flexport.com/careers/jobs/
Headway,Headway,https://headway.co/,greenhouse,https://job-boards.greenhouse.io/Headway
TheNewYorkTimes,The New York Times,https://www.nytimes.com/,greenhouse,https://job-boards.greenhouse.io/TheNewYorkTimes
Klaviyo,Klaviyo,https://www.klaviyo.com/,greenhouse,https://www.klaviyo.com/careers/search-jobs
scaleai,Scale AI,https://scale.com/,greenhouse,https://job-boards.greenhouse.io/scaleai
Summer,Summer,https://www.meetsummer.com/,greenhouse,https://job-boards.greenhouse.io/Summer
BiltRewards,Bilt Rewards,https://www.biltrewards.com/,greenhouse,https://job-boards.greenhouse.io/BiltRewards
ConsenSys,ConsenSys,https://consensys.io/,greenhouse,https://consensys.io/open-roles
BARK,BARK,https://bark.co/,greenhouse,https://bark.co/pages/careers
Banza,Banza,https://www.eatbanza.com/,greenhouse,https://www.eatbanza.com/pages/careers
Energage,Energage,https://www.energage.com/,greenhouse,https://job-boards.greenhouse.io/Energage
florencehealthcare,Florence Healthcare,https://florencehc.com/,greenhouse,https://job-boards.greenhouse.io/florencehealthcare
industrious,Industrious,https://www.industriousoffice.com/,greenhouse,https://job-boards.greenhouse.io/industrious
GelSight,GelSight,https://www.gelsight.com/,greenhouse,https://job-boards.greenhouse.io/GelSight
LittleSpoon,Little Spoon,https://www.littlespoon.com,greenhouse,https://job-boards.greenhouse.io/LittleSpoon
BluebirdKidsHealth,Bluebird Kids Health,,greenhouse,https://job-boards.greenhouse.io/BluebirdKidsHealth
reltio,reltio,,greenhouse,https://job-boards.greenhouse.io/reltio
instridehealth,instridehealth,,greenhouse,https://job-boards.greenhouse.io/instridehealth
cortica,cortica,,greenhouse,https://job-boards.greenhouse.io/cortica
newsela,newsela,,greenhouse,https://job-boards.greenhouse.io/newsela
1seo,1SEO Digital Agency,https://1seo.com/,paychex flex,https://1seo.com/careers/
cariina,Cariina,https://www.cariina.com/,breezy,https://cariina.breezy.hr/
skyspecs,SkySpecs,https://skyspecs.com/,breezy,https://skyspecs.breezy.hr/
2ulaundry,2ULaundry,https://www.2ulaundry.com/,breezy,http://careers.2ulaundry.com/
isaac-health,Isaac Health,https://www.myisaachealth.com/,breezy,https://isaac-health.breezy.hr/
seaport-consulting,Seaport Consulting,https://seaportconsulting.com/,linkedin,https://www.linkedin.com/company/seaport-consulting/jobs/
rittensoftware,Ritten,https://www.ritten.io/,linkedin,https://www.linkedin.com/company/rittensoftware/jobs/
17a,17a,https://group17a.com/,linkedin,https://www.linkedin.com/company/17a/jobs/
3bl-official,3BL Media,https://www.3blmedia.com/,linkedin,https://www.linkedin.com/company/3bl-official/jobs/
eatsimpli,SIMPLi,https://eatsimpli.com/,linkedin,https://www.linkedin.com/company/eatsimpli/jobs/
8020-foundation,80/20 Foundation,https://8020foundation.com/,linkedin,https://www.linkedin.com/company/8020-foundation/jobs/
chimera-design-studio,3DChimera,https://3dchimera.com/,linkedin,https://www.linkedin.com/company/chimera-design-studio/jobs/
brightdime,BrightDime,https://www.brightdime.com/,linkedin,https://www.linkedin.com/company/brightdime/jobs/
3d-communications-llc,"3D Communications, LLC",https://3dcommunications.us/,linkedin,https://www.linkedin.com/company/3d-communications-llc/jobs/
tryadpipe,AdPipe,https://www.adpipe.com,linkedin,https://www.linkedin.com/company/tryadpipe/jobs/
nauta,Nauta,https://www.getnauta.com/en,linkedin,https://www.linkedin.com/company/nauta/jobs/
joinnero,nero,https://www.nero.fan/,linkedin,https://www.linkedin.com/company/joinnero/jobs/
3m,3M,https://www.3m.com/3M/en_US/manufacturing-us/,workday,https://3m.wd1.myworkdayjobs.com/en-US/Search
shipt,Shipt,https://www.shipt.com/,workday,https://shipt.wd1.myworkdayjobs.com/en-US/Shipt_External
cityblockhealth,Cityblock Health,https://www.cityblock.com/,workday,https://cityblockhealth.wd1.myworkdayjobs.com/CityblockExternalCareerSite
stord,Stord,https://www.stord.com/,workday,https://stord.wd5.myworkdayjobs.com/en-US/Stord_External_Career
4moms,4moms,https://www.4moms.com/,bamboo,https://www.4moms.com/pages/careers
ncdmm,America Makes,https://www.americamakes.us/,bamboo,https://ncdmm.bamboohr.com/careers
dimo_network,DIMO,https://dimo.org/,wellfound,https://wellfound.com/company/dimo_network
dr-noze-best,Dr. Noze Best,https://drnozebest.com/,wellfound,https://wellfound.com/company/dr-noze-best/jobs
slip-robotics,Slip Robotics,https://www.sliprobotics.com/,workable,https://apply.workable.com/slip-robotics/
zerofox,ZeroFox,https://www.zerofox.com/,workable,https://apply.workable.com/zerofox
endear,Endear,https://endearhq.com/,workable,https://apply.workable.com/endear/
astronomer,Astronomer,https://www.astronomer.io/,ashby,https://jobs.ashbyhq.com/astronomer
junipersquare,Juniper Square,https://www.junipersquare.com/,ashby,https://jobs.ashbyhq.com/junipersquare
Humanitru,Humanitru,https://www.humanitru.com/,ashby,https://jobs.ashbyhq.com/Humanitru
peppr,Peppr,https://www.peppr.com/,ashby,https://jobs.ashbyhq.com/peppr
posh,Posh,https://posh.vip,ashby,https://jobs.ashbyhq.com/posh
lyft,Lyft,https://www.lyft.com/,puck,https://app.careerpuck.com/job-board/lyft
coderpad,CoderPad,https://coderpad.io/,puck,https://app.careerpuck.com/job-board/coderpad
earnest,Earnest,https://www.earnest.com/,puck,https://app.careerpuck.com/job-board/earnest
protectdemocracy,Protect Democracy,https://protectdemocracy.org/,recruitee,https://protectdemocracy.recruitee.com/
landing,Landing,https://www.hellolanding.com/,jazzHR,https://landing.applytojob.com/apply
balto,Balto,https://www.balto.ai/,jazzHR,https://balto.applytojob.com/apply
wattch,Wattch,https://www.wattch.io/,jazzHR,https://wattch.applytojob.com/apply
greenzie,Greenzie,https://www.greenzie.com,jazzHR,https://greenzie.applytojob.com/apply
arcoro,Arcoro,https://arcoro.com/,career pages,https://arcoro.com/about/careers/
medallion-careers,Medallion,https://medallion.co/,rippling,https://ats.rippling.com/medallion-careers/jobs
finley-technologies,Finley,https://www.finleycms.com/,rippling,https://ats.rippling.com/finley-technologies/jobs
fabric,Fabric,https://www.fabrichealth.com/,rippling,https://ats.rippling.com/fabric
coursedog,Coursedog,https://www.coursedog.com/,pinpoint,https://coursedog.pinpointhq.com/en/postings/8d9d98af-397b-4ed8-88d0-0aaf2d49450c